example_id,task_type,question,reference_answer,ft_prediction,ft_primary_metric,ft_exact_match,ft_token_f1,ft_rougeL,ft_accuracy,ft_list_f1,rag_prediction,rag_primary_metric,rag_exact_match,rag_token_f1,rag_rougeL,rag_accuracy,rag_list_f1,retrieved_chunk_ids,retrieved_files
1,QA,¿Cuáles fueron los resultados del Estudio Nacional del Agua del año 2000?,"Los resultados de éste estudio muestran que para condiciones hidrológicas
medias, cerca del 50% de la población de las áreas urbanas municipales están expuestas a sufrir
problemas de desabastecimiento de agua; para condiciones de un año seco, esta cifra puede llegar
hasta el 80%","El estudio nacional del agua del año 2000 reveló que el país tiene una alta tasa de pérdidas de agua, con un promedio de 45% en las empresas prestadoras. Además, se encontró que el nivel de inversión en infraestructura es insuficiente para reducir estas pérdidas. También se identificaron problemas en la gestión de la presión y la demanda, lo que contribuye a las pérdidas de agua. Por último, se evidenció que la regulación y supervisión del sector no son suficientes para garantizar la calidad y continuidad del servicio de agua potable.",0.26666666666666666,0.0,0.26666666666666666,0.15894039735099338,,,"Usa exclusivamente el contexto entregado.
Si la respuesta no está claramente soportada por el contexto, dilo explícitamente.
Tipo de tarea: QA

CONTEXTO:
[FUENTE: Informe-Sectorial-de-los-Servicios-Publicos-Domiciliarios-de-Acueducto-y-Alcantarillado-Vigencia-2023.pdf | Informe-Sectorial-de-los-Servicios-Publicos-Domiciliarios-de-Acueducto-y-Alcantarillado-Vigencia-2023.pdf::chunk_0054]
Información de calidad de agua producto de la vigilancia ejercida por las autoridades sanitarias De acuerdo con el Decreto 1575 del 2007 y la Resolución 2115 de 2007 expedidos por el Ministerio de Salud y Protección Social - Minsalud, el Índice de Riesgo de la Calidad del Agua para Consumo Humano – IRCA, es un indicador a través del cual se relaciona la calidad del agua y el nivel de riesgo al que se encuentra expuesta determinada población por el no cumplimiento de las características químicas y microbiológicas. En esta sección se tienen en cuenta los resultados proceso de la depuración que se realizó en conjunto con el MVCT, a partir de la información de la calidad del agua procesada por las autoridades sanitarias distritales, municipales o departamentales reportada en el SIVICAP para la vigencia 2023 y remitida por el Instituto Nacional de Salud. Cabe mencionar que, para las vigencias anteriores al año 2021, solo se tenían en cuenta las muestras en red de distribución las cuales fueron consideradas en los análisis de los respectivos informes sectoriales anuales. Sin embargo,

[FUENTE: Informe-Sectorial-de-los-Servicios-Publicos-Domiciliarios-de-Acueducto-y-Alcantarillado-Vigencia-2023.pdf | Informe-Sectorial-de-los-Servicios-Publicos-Domiciliarios-de-Acueducto-y-Alcantarillado-Vigencia-2023.pdf::chunk_0062]
Vigencia 2023 48 Mapa 6. Niveles de riego georreferenciados por regiones Fuente: Elaboración propia Informe Sectorial de los Servicios Públicos de Acueducto y Alcantarillado Vigencia 2023 49 En el capítulo 13 de la Resolución 2115 de 2007 se indica la forma de calcular el Índice de Riesgo de la Calidad del Agua para Consumo Humano - IRCA, agrupando los parámetros de los artículos 2, 4, 6, 7 y 9, y asignando un peso para un valor ponderado de puntaje de riesgo. Las muestras realizadas y analizadas por parte del laboratorio de la Universidad de Antioquia - GDCON, cuentan con la mayoría de los parámetros indicados por la Resolución 2115 de 2007, cuyos valores permisibles son indicados en los artículos 2, 3, 4, 5, 6, 7, 8, 9 y 11 de la misma. La agrupación de parámetros que se encuentran en el capítulo 13 de la resolución en cuestión corresponde a las características principales a monitorear en calidad de agua, y en caso de que se midan en su totalidad, la sumatoria de pesos corresponde al 100%. Para los casos de

[FUENTE: 4.Plan de Reducción Perdidas.pdf | 4.Plan de Reducción Perdidas.pdf::chunk_0028]
errores de exactitud en la macro y micro medición, conexiones con medidor detenido, conexiones clandestinas, c onsumos públicos no medidos (parques, bomberos), etc. Determinación del Balance Hídrico. Para la determinación del balance hídrico, se realizaron talleres con personal de la Subgerencia de Operaciones, Subgerencia Comercial, Jefe de Unidad de Pérdidas y Dirección de Planeación Empresarial. Revisando cada uno de los parámetros SISTEMA INTEGRADO DE GESTION Código: GCO -PL- 001 Página: 13 de 36 Versión: 1 PLAN DE REDUCCIÓN DE PERDIDAS Vigente a partir de: 15-12-2017 establecidos en el Balance Hídrico. Cada uno de los metros cúbicos calculados en el balance tiene un soporte, tal como consta en el Anexo No. 1 - Balance Hídrico. Consumo facturado medido Es el volumen de agua entregada a los usuarios con medidor funcionando mas lo suministrado en carrotanques y que se mide con el medidor ubicado en planta. 8,614,250 Consumo facturado no medido Es el volumen de agua suministrada a los usuarios que se les facturan por promedio 4,215,632 Consumos generados por Equipo Succión Presión: Es el volumen utilizado para limpieza de sumideros, manholes

[FUENTE: Informe-Sectorial-de-los-Servicios-Publicos-Domiciliarios-de-Acueducto-y-Alcantarillado-Vigencia-2023.pdf | Informe-Sectorial-de-los-Servicios-Publicos-Domiciliarios-de-Acueducto-y-Alcantarillado-Vigencia-2023.pdf::chunk_0041]
total por municipio Fuente: SUI 2023 Informe Sectorial de los Servicios Públicos de Acueducto y Alcantarillado Vigencia 2023 34 4.5. Consumo promedio La información presentada a continuación es resultado de la operación estadística de Consumo de Agua Potable, certificada por el DANE bajo la norma NTC PE 1000:2020, el 28 de abril de 2023 mediante el código 22-PE-E99-OE550. El indicador de volumen de agua consumido por suscriptor (expresado en m3/suscriptor – mes) es un valor que permite identificar los patrones de uso del recurso y se constituye como el elemento principal para la estimación de la tarifa cobrada al suscriptor o usuario. Con base en los reportes de volumen facturado de acueducto, se realizó una estimación del consumo promedio por suscriptor, donde se tuvo en cuenta el número de suscriptores de cada prestador. Los resultados se muestran en la Tabla 11. Tabla 11. Consumo promedio por suscriptor de acueducto Vigencia 2023 Consumo promedio por suscriptor de acueducto Vigencia 2023 Municipio Consumo promedio por suscriptor (m3/suscriptor-mes) Total Suscriptores Consumo Promedio por suscriptor (m3/suscriptor-mes) Municipio Consumo promedio por suscriptor (m3/suscriptor-mes",0.05405405405405405,0.0,0.05405405405405405,0.04329896907216495,,,Informe-Sectorial-de-los-Servicios-Publicos-Domiciliarios-de-Acueducto-y-Alcantarillado-Vigencia-2023.pdf::chunk_0054 | Informe-Sectorial-de-los-Servicios-Publicos-Domiciliarios-de-Acueducto-y-Alcantarillado-Vigencia-2023.pdf::chunk_0062 | 4.Plan de Reducción Perdidas.pdf::chunk_0028 | Informe-Sectorial-de-los-Servicios-Publicos-Domiciliarios-de-Acueducto-y-Alcantarillado-Vigencia-2023.pdf::chunk_0041,Informe-Sectorial-de-los-Servicios-Publicos-Domiciliarios-de-Acueducto-y-Alcantarillado-Vigencia-2023.pdf | Informe-Sectorial-de-los-Servicios-Publicos-Domiciliarios-de-Acueducto-y-Alcantarillado-Vigencia-2023.pdf | 4.Plan de Reducción Perdidas.pdf | Informe-Sectorial-de-los-Servicios-Publicos-Domiciliarios-de-Acueducto-y-Alcantarillado-Vigencia-2023.pdf
2,QA,¿Por qué no fueron reportadas las pérdidas aparentes?,"por la pobre gestión relacionada con los medidores de agua, ninguna de las
empresas cuenta con información acerca del error de medición de estos dispositivos","Las pérdidas aparentes, también conocidas como pérdidas comerciales o no técnicas, son aquellas que ocurren dentro del sistema de distribución de agua potable. Estas pérdidas pueden ser causadas por una variedad de factores, incluyendo errores en la medición de agua, fraude en el consumo, fugas en las tuberías, y otros problemas operativos. A continuación, se presentan algunas razones comunes por las cuales las pérdidas aparentes pueden no ser reportadas:

1. Errores en la medición: Los medidores de agua pueden tener errores sistemáticos o aleatorios que resultan",0.21621621621621617,0.0,0.21621621621621617,0.15873015873015872,,,"Usa exclusivamente el contexto entregado.
Si la respuesta no está claramente soportada por el contexto, dilo explícitamente.
Tipo de tarea: QA

CONTEXTO:
[FUENTE: JaimeAndrés_MoncayoParra_2022.pdf | JaimeAndrés_MoncayoParra_2022.pdf::chunk_0055]
porcentaje de pérdidas se redujo en la última facturación de un 67% a 41% en la red 4 y de un 46% a 42% en la red 3. En efecto se puede mencionar que el modelo hidráulico practicado permitió simular en condiciones ideales la operación de la red de distribución, al comparar los resultados del modelo con los registros tomados en campo fue posible verificar la existencia de anomalías en el comportamiento de p resiones de la red, por tanto, su fiabilidad es del 80% para detectar fugas de agua. 32 INFORME FINAL Código FDE 089 Versión 03 Fecha 2015-01- 22 7. Tecnología iDroloc Por otra parte, en Chile es uno de los países en América Latina que está haciendo uso de la tecnología “iDroloc para la detección de fugas de agua” desde el año 2018, esta tecnología es llevada a cabo por la empresa SUEZ en la cual se plantea una alternativa más precisa y eficaz que los métodos acústicos convencionales y detecta fugas que pasan desapercibidas. De hecho, SUEZ (2018) explica que a través de su tecnología: Inyecta

[FUENTE: Reduccion Pérdidas Bucaramanga.pdf | Reduccion Pérdidas Bucaramanga.pdf::chunk_0021]
establece una desagregación entre pérdidas técnicas y pérdidas comerciales porque, entre otras razones, pocas empresas prestadoras cuentan con esta información desagregada para el caso colombiano. b. Una señal regulatoria de eficiencia, que implica que las pérdidas mayores a este porcentaje no son reconocidas en la tarifa y por tanto no son trasladadas al usuario. El último punto merece especial atención, ya que significa que la diferencia entre el nivel de pérdidas de agua de un prestador y el tope del 30% debe ser asumido por la empresa de acueducto, afectando las condiciones financieras del negocio. En cuanto a los niveles de pérdidas en Colombia , el Informe de actualización de indicadore s del sector de servicio de agua potable y alcantarillado y saneamiento básico realizado por la Asociación Nacional de Empresas de Servicios Públicos y Comunicaciones -ANDESCO- (2012), para el año 2012 reveló un IANC promedio nacional del 64% para el período 2003 – REDUCCIÓN DE PÉRDIDAS EN SISTEMAS DE ACUEDUCTO 3 2010 en 87 empresas prestadoras del servicio. Recientemente, Díaz (2019) expone que para el 2017 Colombia tuvo un

[FUENTE: Resumen-Estudio Pérdidas y Demanda AA-GP pdf.pdf | Resumen-Estudio Pérdidas y Demanda AA-GP pdf.pdf::chunk_0014]
como para las pérdidas aparentes existen dos tipos que resultan inevitables: i) aquellas que no son técnicamente recuperables y ii) aquellas que no son económicamente recuperables, ver gráfica 1. Gráfica 1. Pilares y niveles de pérdidas técnicas y comerciales recuperables e inevitables. Estudio de Revisión de Señales sobre Pérdidas y Planeación de la Demanda 7 Fuente: Adaptado de (American Water Works Association-AWWA, 2022). Con base en lo anterior, la regulación debe considerar un nivel de pérdidas de agua que el prestador pueda trasladar en la tarifa a los usuarios del servicio público domiciliario de acueducto, debido a que técnica y económicamente es inevitable tener un ci erto nivel de pérdidas, incluso en los sistemas de distribución de agua mejor mantenidos y operados (GIZ & VAG). En este orden de ideas, desde el punto de vista técnico y económico y de conformidad con las disposiciones del artículo 163 de la Ley 142 de 1994, se propone continuar permitiendo la inclusión de un nivel de pérdidas aceptable de agua en la fórmula tarifaria. En adición , se propone que los prestadores deban

[FUENTE: Analisis_de_la_reduccion_de_perdidas_comerciales_e.pdf | Analisis_de_la_reduccion_de_perdidas_comerciales_e.pdf::chunk_0008]
componente del agua no facturada (ANF) y se dividen en dos grupos: pérdidas reales o técnicas y pérdidas aparentes o comerciales. Las pérdidas reales comprenden fugas físicas en tuberías, conexiones de servicio o depósitos, así como otras pérdidas que se producen durante grandes explosiones de tuberías de corta duración (Arregui et al., 2018). Las pérdidas comerciales provienen de aquellos factores que inciden directa o indirectamente para que un volumen de agua no sea contabilizado y por ende no se le facture al usuario. En otras palabras, las pérdidas reales suelen ser más importantes en términos de volumen y las pérdidas comerciales se relaciona en térmi nos de costo para la empresa. Las pérdidas comerciales representan alrededor del 20% de las pérdidas totales de agua (Rimeika y Albrektienė, 2017), otros estudios indican que pueden ser hasta el 30% (Arregui et al., 2018). Éstas figuran una pérdida directa de ingresos para la empresa prestadora de acueduc to (Kingsley et al., 2017). Por ejemplo, en Lituania solo siete empresas de agua en ese país tienen una facturación anual superior a los 4 millones

PREGUNTA:
¿Por qué no fueron reportadas las pérdidas aparentes?

RESPUESTA: No se proporciona información específica en el contexto entregado sobre por qué no fueron reportadas las pérdidas aparentes. Sin embargo, se menciona que las pérdidas aparentes son inevitables y técnicamente y económicamente deben ser asumidas por la empresa de acueducto. Además, se sugiere que la regulación debe considerar un nivel de pérdidas de agua que el prestador pueda trasladar en la tarifa a los usuarios del servicio público domiciliario de acueducto.",0.028729281767955802,0.0,0.028729281767955802,0.031496062992125984,,,JaimeAndrés_MoncayoParra_2022.pdf::chunk_0055 | Reduccion Pérdidas Bucaramanga.pdf::chunk_0021 | Resumen-Estudio Pérdidas y Demanda AA-GP pdf.pdf::chunk_0014 | Analisis_de_la_reduccion_de_perdidas_comerciales_e.pdf::chunk_0008,JaimeAndrés_MoncayoParra_2022.pdf | Reduccion Pérdidas Bucaramanga.pdf | Resumen-Estudio Pérdidas y Demanda AA-GP pdf.pdf | Analisis_de_la_reduccion_de_perdidas_comerciales_e.pdf
3,QA,¿Que es el informe sectorial de los servicios publicos domiciliarios de acueducto y alcantarillado?,Es un documento que consolida los esfuerzos institucionales para analizar y documentar las dinámicas y fenómenos asociados a la prestación de los servicios públicos de acueducto y alcantarillado,"El informe sectorial de los servicios públicos domiciliarios de acueducto y alcantarillado es un documento que se elabora anualmente por parte de las autoridades reguladoras, como la Superintendencia de Servicios Públicos Domiciliarios en Colombia, para evaluar el desempeño de los prestadores de estos servicios. Este informe contiene información sobre indicadores de calidad, cobertura, pérdidas de agua, entre otros aspectos relevantes para la gestión y regulación de estos servicios. Es importante mencionar que este tipo de informe puede variar ligeramente según el país o región donde se aplique, pero general",0.29059829059829057,0.0,0.29059829059829057,0.183206106870229,,,"Usa exclusivamente el contexto entregado.
Si la respuesta no está claramente soportada por el contexto, dilo explícitamente.
Tipo de tarea: QA

CONTEXTO:
[FUENTE: Informe-Sectorial-de-los-Servicios-Publicos-Domiciliarios-de-Acueducto-y-Alcantarillado-Vigencia-2023.pdf | Informe-Sectorial-de-los-Servicios-Publicos-Domiciliarios-de-Acueducto-y-Alcantarillado-Vigencia-2023.pdf::chunk_0013]
alcantarillado. Lo anterior, de conformidad con las condiciones de uso y confidencialidad puedes ser consultadas establecidas según la Política editorial y condiciones de uso Política editorial y condiciones de uso. Informe Sectorial de los Servicios Públicos de Acueducto y Alcantarillado Vigencia 2023 12 2. INTRODUCCIÓN El informe sectorial de los servicios públicos domiciliarios de acueducto y alcantarillado, consolida los esfuerzos institucionales para analizar y documentar las dinámicas y fenómenos asociados a la prestación de los servicios públicos de acueducto y alcantarillado. El presente documento aborda el desempeño descrito por los indicadores regulatorios, operativos y de gestión en la vigencia 2023. Así mismo consolida los resultados de la validación, estructura de datos, construcción de bases de información y análisis agregado nacional de los principales componentes de la prestación de los servicios públicos de acueducto y alcantarillado, según la información disponible en el SUI, reportada por los prestadores de servicios públicos en el marco de sus responsabilidades, y de manera excepcional información exógena de algunas fuentes verificadas. Este informe se orienta a mostrar la situación actual de los servicios públicos domiciliarios de

[FUENTE: Informe-Sectorial-de-los-Servicios-Publicos-Domiciliarios-de-Acueducto-y-Alcantarillado-Vigencia-2023.pdf | Informe-Sectorial-de-los-Servicios-Publicos-Domiciliarios-de-Acueducto-y-Alcantarillado-Vigencia-2023.pdf::chunk_0002]
los Servicios Públicos de Acueducto y Alcantarillado Vigencia 2023 CONTROL DE CAMBIOS AL INFORME A continuación, se describen los cambios realizados al informe sectorial de los servicios públicos domiciliarios de acueducto y alcantarillado. Versión Fecha Hora Contenido 1.0 18-12-2024 11:30 am Publicación del informe sectorial de los servicios públicos domiciliarios de acueducto y alcantarillado y la ficha técnica. Informe Sectorial de los Servicios Públicos de Acueducto y Alcantarillado Vigencia 2023 CONTENIDO 1. CONDICIONES PARA LA LECTURA, INTERPRETACIÓN Y USO DE INFORMACIÓN ...................................... 11 2. INTRODUCCIÓN ......................................................................................................................................... 12 3. ASPECTOS DEL MERCADO ......................................................................................................................... 13 3.1. Condiciones actuales de la prestación de los servicios públicos ....................................................... 13 3.1.1. Mercados regionales ................................................................................................................. 16 3.1.2. Ordenamiento territorial alrededor del agua ........................................................................... 19 4. SERVICIO PÚBLICO DE ACUEDUCTO .......................................................................................................... 20 4.1. Suscriptores ....................................................................................................................................... 20 4.2. Cobertura........................................................................................................................................... 23 4.2.1. En asentamiento urbano ........................................................................................................... 23 4.2.2. En asentamiento rural ............................................................................................................... 26 4.3. Continuidad ....................................................................................................................................... 27 4.4. Consumo total ................................................................................................................................... 30 4.5. Consumo promedio ........................................................................................................................... 34 4.6. Pérdidas de agua ............................................................................................................................... 38 4.7. Sistemas de potabilización ................................................................................................................ 41 4.8. Calidad del agua ................................................................................................................................ 42 4.8.1. Información de calidad

[FUENTE: Informe-Sectorial-de-los-Servicios-Publicos-Domiciliarios-de-Acueducto-y-Alcantarillado-Vigencia-2023.pdf | Informe-Sectorial-de-los-Servicios-Publicos-Domiciliarios-de-Acueducto-y-Alcantarillado-Vigencia-2023.pdf::chunk_0111]
todo el territorio nacional. Mediante esta consulta se indagó por las actividades de reúso de agua tratada con fines agrícolas e industriales conforme lo establecido en la Resolución MADS 1207 de 2014. 4 Artículo 6, Sector Vivienda, Ciudad y Territorio, numeral 5; se infiere que la meta establecida hace alusión al agua residual tratada por parte de los prestadores del servicio de alcantarillado. Informe Sectorial de los Servicios Públicos de Acueducto y Alcantarillado Vigencia 2023 87 Como síntesis de esta consulta, la mayor parte de prestadores de alcantarillado que operan PTAR, manifestaron no realizar acciones de reúso de agua en los términos indicados en dicha resolución; sin embargo, 9 prestadores indican ejecutar acciones de reúso según lo consignado en la Tabla 115. 5 Se desestima un reporte por parte del prestador AGUA PURA DE GRANADA SAS ESP por tanto el caudal en reúso asciende a 6000 l/s y este se asume como dato atípico. Informe Sectorial de los Servicios Públicos de Acueducto y Alcantarillado Vigencia 2023 88 Tabla 11. Reúso de agua residual reportado Fuente: Consulta SSPD 2023 Departamento Municipio

[FUENTE: Informe-Sectorial-de-los-Servicios-Publicos-Domiciliarios-de-Acueducto-y-Alcantarillado-Vigencia-2023.pdf | Informe-Sectorial-de-los-Servicios-Publicos-Domiciliarios-de-Acueducto-y-Alcantarillado-Vigencia-2023.pdf::chunk_0075]
detallada de la información de coberturas del servicio de acueducto y alcantarillado, así como la información de suscriptores, consumo y pérdidas de agua. 1.2.2. Información de calidad del agua Para la determinación de la calidad del agua, se consideró la información de laboratorios de control de calidad (LAC) reportada por los prestadores de servicios públicos de acueducto y alcantarillado en el SUI. La información de laboratorios de control de calidad reportada en el SUI corresponde a los parámetros de calidad del agua de entrada al sistema de distribución, de salida del sistema de distribución y de salida del tratamiento",0.076056338028169,0.0,0.076056338028169,0.06243032329988852,,,Informe-Sectorial-de-los-Servicios-Publicos-Domiciliarios-de-Acueducto-y-Alcantarillado-Vigencia-2023.pdf::chunk_0013 | Informe-Sectorial-de-los-Servicios-Publicos-Domiciliarios-de-Acueducto-y-Alcantarillado-Vigencia-2023.pdf::chunk_0002 | Informe-Sectorial-de-los-Servicios-Publicos-Domiciliarios-de-Acueducto-y-Alcantarillado-Vigencia-2023.pdf::chunk_0111 | Informe-Sectorial-de-los-Servicios-Publicos-Domiciliarios-de-Acueducto-y-Alcantarillado-Vigencia-2023.pdf::chunk_0075,Informe-Sectorial-de-los-Servicios-Publicos-Domiciliarios-de-Acueducto-y-Alcantarillado-Vigencia-2023.pdf | Informe-Sectorial-de-los-Servicios-Publicos-Domiciliarios-de-Acueducto-y-Alcantarillado-Vigencia-2023.pdf | Informe-Sectorial-de-los-Servicios-Publicos-Domiciliarios-de-Acueducto-y-Alcantarillado-Vigencia-2023.pdf | Informe-Sectorial-de-los-Servicios-Publicos-Domiciliarios-de-Acueducto-y-Alcantarillado-Vigencia-2023.pdf
4,QA,¿Cual es el tipo de prestador mas comun para el servicio de acueducto?,"Las organizaciones autorizadas, con un 67.2% de participacion","El tipo de prestador más común para el servicio de acueducto en Colombia es el **público**. Según datos recientes, la mayoría de los sistemas de abastecimiento de agua potable son gestionados por empresas municipales o departamentales, que operan bajo régimen de gestión pública. Sin embargo, también existen prestadores privados, como empresas de servicios públicos domiciliarios (ESPD), que pueden ofrecer este servicio en ciertas áreas. Es importante destacar que la regulación y supervisión de estos prestadores se lleva a cabo principalmente por parte del Ministerio de Vivienda, Ciudad y Territorio (MVCT)",0.02,0.0,0.02,0.018018018018018018,,,"Usa exclusivamente el contexto entregado.
Si la respuesta no está claramente soportada por el contexto, dilo explícitamente.
Tipo de tarea: QA

CONTEXTO:
[FUENTE: Informe-Sectorial-de-los-Servicios-Publicos-Domiciliarios-de-Acueducto-y-Alcantarillado-Vigencia-2023.pdf | Informe-Sectorial-de-los-Servicios-Publicos-Domiciliarios-de-Acueducto-y-Alcantarillado-Vigencia-2023.pdf::chunk_0017]
los Servicios Públicos de Acueducto y Alcantarillado Vigencia 2023 15 En lo que refiere a la clase de las empresas prestadoras estas pueden ser: oficiales, mixta, persona jurídica o privada. Para la vigencia analizada se identificó que el mayor porcentaje de prestación de los servicios de acueducto y alcantarillado corresponde a prestadores de clase privada 47.7%. Por otro lado, el mínimo porcentaje de prestadores corresponde a clase persona jurídica 0.11%. Este porcentaje corresponde a una categoría de prestadores que realizaron su inscripción al RUPS previo a la entrada en vigencia de la resolución SSPD 20181000120515 en el año 2018; tras la entrada en vigencia de esta resolución, las categorías correspondientes a clase son: privada, mixta y oficial y pueden verse en la siguiente Figura 3. Figura 3. Clase de las empresas Fuente: SUI 2023 En el Anexo 1, se relacionan los prestadores activos de los servicios de acueducto y alcantarillado, indicando sus características. Con la información reportada en el SUI, se observa que en un municipio pueden proveer los servicios de acueducto y alcantarillado varios prestadores en diferentes áreas de

[FUENTE: Informe-Sectorial-de-los-Servicios-Publicos-Domiciliarios-de-Acueducto-y-Alcantarillado-Vigencia-2023.pdf | Informe-Sectorial-de-los-Servicios-Publicos-Domiciliarios-de-Acueducto-y-Alcantarillado-Vigencia-2023.pdf::chunk_0072]
para 1152 prestadores del servicio público de alcantarillado, en 1358 áreas de prestación. La cifra total de prestadores comparada con el inventario de prestadores activos, puede presentar disparidades entendiendo que un segmento de suscriptores pudo haber sido asumido comercialmente por varios prestadores en una misma vigencia. La totalidad de usuarios del servicio de alcantarillado para la vigencia 2023 es 11906955. En cuanto a la distribución cantidad de suscriptores en cada área de prestación, se refleja a través de la siguiente Figura 18 la cantidad de áreas de prestación por rango de suscriptores beneficiados por el servicio. Informe Sectorial de los Servicios Públicos de Acueducto y Alcantarillado Vigencia 2023 56 Figura 18. Distribución de prestadores por rango de suscriptores Fuente: SUI 2023 Según el histograma de frecuencias, la distribución de los prestadores por rango de suscriptores del servicio de alcantarillado refleja relación con el servicio de acueducto; se representa mayor concentración en los extremos definida por los prestadores rurales (a la izquierda) y los grandes prestadores (a la derecha). Este último rango se encuentra sesgado por la información asociada a la

[FUENTE: Informe-Sectorial-de-los-Servicios-Publicos-Domiciliarios-de-Acueducto-y-Alcantarillado-Vigencia-2023.pdf | Informe-Sectorial-de-los-Servicios-Publicos-Domiciliarios-de-Acueducto-y-Alcantarillado-Vigencia-2023.pdf::chunk_0015]
los servicios públicos Con base el Registro Único de Prestadores de Servicios Públicos Domiciliarios - RUPS, con corte al 31 de diciembre de 2023, y tomando en consideración los hallazgos del ejercicio de inspección adelantado a los prestadores de los servicios de acueducto y alcantarillado, fueron identificados 2848 prestadores en el país, ya sea de prestación exclusiva de unos de estos servicios o prestación inclusive de ambos. De esta cifra, el 59.5% prestan exclusivamente el servicio de acueducto, el 1.4% corresponden a prestadores con prestación exclusiva del servicio de alcantarillado, y el 39.1% corresponden a prestadores que asumen la prestación de ambos servicios. Lo descrito anteriormente se presenta en la siguiente Figura 1 . Figura 1. Distribución porcentual de los servicios prestados Fuente: SUI 2023 Informe Sectorial de los Servicios Públicos de Acueducto y Alcantarillado Vigencia 2023 14 La Ley 142 de 19941, en el artículo 15 indica que los servicios pueden ser prestados por: empresas industriales y comerciales del estado, prestación directa por parte del municipio, organizaciones autorizadas, productor marginal, independiente o uso particular o por empresas de servicios

[FUENTE: Informe-Sectorial-de-los-Servicios-Publicos-Domiciliarios-de-Acueducto-y-Alcantarillado-Vigencia-2023.pdf | Informe-Sectorial-de-los-Servicios-Publicos-Domiciliarios-de-Acueducto-y-Alcantarillado-Vigencia-2023.pdf::chunk_0016]
142 de 19941, en el artículo 15 indica que los servicios pueden ser prestados por: empresas industriales y comerciales del estado, prestación directa por parte del municipio, organizaciones autorizadas, productor marginal, independiente o uso particular o por empresas de servicios públicos. La participación de las empresas para el año 2023, se presenta en la Figura 2. Figura 2. Distribución de los prestadores por tipo a nivel nacional (rural y urbano) Fuente: SUI 2023 Para el servicio de acueducto se identifica que la mayor participación de prestación la tienen las organizaciones autorizadas con un porcentaje del 67.2%. En el servicio de alcantarillado, la mayor participación corresponde a las empresas de servicios públicos con un porcentaje del 67.3%. Informe Sectorial de los Servicios Públicos de Acueducto y Alcantarillado Vigencia 2023 15 En lo que refiere a la clase de las empresas prestadoras estas pueden ser: oficiales, mixta, persona jurídica o privada. Para la vigencia analizada se identificó que el mayor porcentaje de prestación de los servicios de acueducto y alcantarillado corresponde a prestadores de clase privada 47.7%. Por otro lado",0.020671834625323,0.0,0.020671834625323,0.017167381974248927,,,Informe-Sectorial-de-los-Servicios-Publicos-Domiciliarios-de-Acueducto-y-Alcantarillado-Vigencia-2023.pdf::chunk_0017 | Informe-Sectorial-de-los-Servicios-Publicos-Domiciliarios-de-Acueducto-y-Alcantarillado-Vigencia-2023.pdf::chunk_0072 | Informe-Sectorial-de-los-Servicios-Publicos-Domiciliarios-de-Acueducto-y-Alcantarillado-Vigencia-2023.pdf::chunk_0015 | Informe-Sectorial-de-los-Servicios-Publicos-Domiciliarios-de-Acueducto-y-Alcantarillado-Vigencia-2023.pdf::chunk_0016,Informe-Sectorial-de-los-Servicios-Publicos-Domiciliarios-de-Acueducto-y-Alcantarillado-Vigencia-2023.pdf | Informe-Sectorial-de-los-Servicios-Publicos-Domiciliarios-de-Acueducto-y-Alcantarillado-Vigencia-2023.pdf | Informe-Sectorial-de-los-Servicios-Publicos-Domiciliarios-de-Acueducto-y-Alcantarillado-Vigencia-2023.pdf | Informe-Sectorial-de-los-Servicios-Publicos-Domiciliarios-de-Acueducto-y-Alcantarillado-Vigencia-2023.pdf
5,QA,¿Qué es el plan de reducción de Pérdidas?,"es el conjunto de actividades programadas, por parte
de las personas prestadoras del servicio público domiciliario de acueducto, para la
reducción de las pérdidas técnicas y comerciales que tienen por objeto alcanzar el
estándar de eficiencia”","El Plan de Reducción de Pérdidas (PRP) es una herramienta que permite a las empresas gestionar los recursos necesarios para alcanzar los objetivos de reducción de pérdidas. Este plan debe ser revisado y actualizado anualmente, y debe incluir metas específicas para cada año de vigencia, así como indicadores de desempeño para medir el progreso hacia estos objetivos. Además, el PRP debe estar alineado con los objetivos estratégicos de la empresa y debe ser compatible con las políticas nacionales y regionales. El plan debe ser presentado ante la Superintendencia de Servicios Públicos D",0.265625,0.0,0.265625,0.18055555555555555,,,"Usa exclusivamente el contexto entregado.
Si la respuesta no está claramente soportada por el contexto, dilo explícitamente.
Tipo de tarea: QA

CONTEXTO:
[FUENTE: Reduccion Pérdidas Bucaramanga.pdf | Reduccion Pérdidas Bucaramanga.pdf::chunk_0044]
mala práctica de no medir los consumos, bien sea facturados y no facturados. Una estrategia fundamental para el control y reducción de las pérdidas, y que además es requisito para la aplicación del presente modelo de reducción de pérdidas; es la sectoriz ación hidráulica. La sectorización hidráulica y la adecuada medición comprende el primer paso para el desarrollo de planes para la reducción de perdidas (Morrison, Tooms, & Hall, 2007) . El título B REDUCCIÓN DE PÉRDIDAS EN SISTEMAS DE ACUEDUCTO 14 de RAS define a l a sectorización hidráulica como la divisi ón del área total de una red de distribución, en zonas de estudio que permiten determinar diferencias en los factores de pérdidas de manera más detallada, y tomar acciones operativas. Es la división de una red de distribución en dos o más sectores hidráuli cos, en la que cada sector con puntos definidos de alimentación o entrada de agua, opera independientemente, garantizando la prestación óptima del servicio a los usuarios comprendidos dentro de cada sector. Los llamados sectores son denominados también Distritos. Si en cada una de

[FUENTE: 4.Plan de Reducción Perdidas.pdf | 4.Plan de Reducción Perdidas.pdf::chunk_0002]
PROGRAMAS Y/O ACCIONES PARA EL CONTROL DE LAS PERDIDAS 10. SEGUIMIENTO DEL PLAN SISTEMA INTEGRADO DE GESTION Código: GCO -PL- 001 Página: 3 de 36 Versión: 1 PLAN DE REDUCCIÓN DE PERDIDAS Vigente a partir de: 15-12-2017 INTRODUCCIÓN “El Plan de Reducción de Pérdidas es el conjunto de actividades programadas, por parte de las personas prestadoras del servicio público domiciliario de acueducto, para la reducción de las pérdidas técnicas y comerciales que tienen por objeto alcanzar el estándar de eficiencia”, según Resolución CRA No. 688 de 2014 “Por la cual se establece la metodología tarifaria para las personas prestadoras de los servicios públicos domiciliarios de acueducto y alcantarillado con más de 5.000 suscriptores.” El Índice de Agua No Contabilizada es un aspecto técnico y comercial que nos mide no solo la condición física del sistema sino también la administración de dichos recursos. Por ello se hace necesar io establecer un plan que defina actividades que contrarresten la incidencia que cada componente del sistema de acueducto, tiene en el cálculo global de pérdidas. Para poder emprender esta tarea, es necesario realizar

[FUENTE: 4.Plan de Reducción Perdidas.pdf | 4.Plan de Reducción Perdidas.pdf::chunk_0038]
a cabo por parte de la Empresa para la Reducción y Nivel Económico de Pérdidas. 9. PROGRAMAS Y/O ACCIONES PARA EL CONTROL DE LAS PÉRDIDAS. Según lo estimado en el Balance Hídrico realizado y donde se reflejan tanto las pérdidas técnicas como las comerciales, se establecieron los programas según lo establecido en la Resolución No. 688 de 2016 ANEXO 1 PLAN DE REDUCCIÓN Y NIVEL ECONÓMICO DE LAS PÉRDIDAS Numeral 2. Definición de Metas Anuales. PERDIDAS COMERCIALES 1. Reducción de la submedición mediante la optimización de la micromedición y de la facturación. 2. Seguimiento y reducción de los consumos no facturados PERDIDAS TÉCNICAS 3. Control y optimización de la macromedición 4. Control activo de fugas 5. Mejoramiento de la velocidad y calidad en las reparaciones. 6. Mejoramiento y/o renovación de dispositivos y accesorios de medición y control, sectorizaciones y sistemas de gestión de presión. 7. Renovación y/o reposición de redes. PROGRAMAS PARA DISMINUCIÓN DE PÉRDIDAS COMERCIALES Estas pérdidas consideran los volúmenes consumidos no facturados, consumos a través de conexiones clandestinas y consumos no registrados por defectos de la micromedición. Las

[FUENTE: 4.Plan de Reducción Perdidas.pdf | 4.Plan de Reducción Perdidas.pdf::chunk_0005]
pérdidas económicas para la empresa, además de no ejercer un uso responsable del recursos hídrico, por ello es preciso diseñar un Plan de Reduc ción y Nivel Económico de Pérdidas. SISTEMA INTEGRADO DE GESTION Código: GCO -PL- 001 Página: 4 de 36 Versión: 1 PLAN DE REDUCCIÓN DE PERDIDAS Vigente a partir de: 15-12-2017 1. OBJETIVO Establecer los mecanismos y estrategias necesarias para reducir las pérdidas agua potable, considerando lo ordenado por la ley, la regulación y los recursos disponibles. 2. ALCANCE Este plan contempla l as accio nes y/o proyectos que debe adelantar la empresa para disminuir el Índice de Agua No Contabilizada, el IPUF – Índice de Pérdidas de Usuario Facturado a los valores exigidos por la Comisión de Regulación de Agua Potable y Saneamiento Básico y la normatividad vigente. 3. RESPONSABLE Gerencia y todas las dependencias de la empresa Aguas de Barrancabermeja SA ESP que de manera directa e indirecta afectan el proceso. 4. DEFINICIONES BALANCE HÍDRICO: Realiza una estimación de las pérdidas de agua, tanto real como aparente y puede constituir la base para el cálculo

PREGUNTA:
¿Qué es el plan de reducción de Pérdidas?

RESPUESTA: El plan de reducción de pérdidas es un conjunto de actividades programadas por parte de las empresas prestadoras del servicio público domiciliario de acueducto, destinado a la reducción de las pérdidas técnicas y comerciales. Este plan busca alcanzar el estándar de eficiencia establecido por la Resolución CRA No. 688 de 2014, ""Por la cual se establece la metodología tarifaria para las personas prestadoras de los servicios públicos domiciliarios de acueducto y alcantarillado con más de 5.000 suscriptores"". El plan incluye programas y acciones para",0.07834602829162132,0.0,0.07834602829162132,0.07649253731343283,,,Reduccion Pérdidas Bucaramanga.pdf::chunk_0044 | 4.Plan de Reducción Perdidas.pdf::chunk_0002 | 4.Plan de Reducción Perdidas.pdf::chunk_0038 | 4.Plan de Reducción Perdidas.pdf::chunk_0005,Reduccion Pérdidas Bucaramanga.pdf | 4.Plan de Reducción Perdidas.pdf | 4.Plan de Reducción Perdidas.pdf | 4.Plan de Reducción Perdidas.pdf
6,QA,¿Como se define el Indice de Agua No Contabilizada?,"Es el
porcentaje del volumen de agua no facturada con relación al volumen entregado por las
plantas de tratamiento al sistema de acueducto (producción neta)","El Índice de Agua No Contabilizada (IANC) es una medida que indica la proporción de agua producida por una empresa de acueducto que no se puede facturar debido a pérdidas técnicas o comerciales. Se calcula restando las pérdidas autorizadas de las pérdidas totales, donde las pérdidas totales son el volumen de agua producido menos el volumen de agua facturado. Las pérdidas técnicas son aquellas que ocurren en los sistemas de distribución y tratamiento de agua, mientras que las pérdidas comerciales son aquellas que ocurren en el sistema de factur",0.24561403508771934,0.0,0.24561403508771934,0.1746031746031746,,,"Usa exclusivamente el contexto entregado.
Si la respuesta no está claramente soportada por el contexto, dilo explícitamente.
Tipo de tarea: QA

CONTEXTO:
[FUENTE: Reduccion Pérdidas Bucaramanga.pdf | Reduccion Pérdidas Bucaramanga.pdf::chunk_0032]
siglas en inglés ), entidad que, entre otras cosas, estandariza conceptos y procesos en sistemas de abastecimiento de agua, define el agua no facturada (ANF ) como el volumen que permanece no fact urado y por lo tanto no genera ningún ingreso para la empresa de agua (Lambert & Hirner, 2000) . Se puede expresar como la diferencia de volumen de ingreso al sistema de almacenamiento y distribución, con el consumo autorizado facturado o como la suma de consumo autorizado no facturado y las pérdidas de agua. Con el fin de entender todos los elementos que contribuyen al agua no facturada, la IWA propone un modelo de balance hídrico como herramienta estratégica para la generación de estadísticas, categorización, cuantificación de los tipos de pérdidas de agua y obten ción de un panorama completo del costo que representa los niveles de agua no contabilizada. Este modelo de balance ligeramente modificado se muestra en la Tabla 1, el cual también ha sido adoptado por el ente regulador del sector en Colombia (CRA) , (Comisión de regulacion de agua y saneamiento basico, 2014).

[FUENTE: Analisis_de_la_reduccion_de_perdidas_comerciales_e.pdf | Analisis_de_la_reduccion_de_perdidas_comerciales_e.pdf::chunk_0013]
ciación Internacional del Agua (IWA, por su sigla en inglés) el agua no facturada es la diferencia entre el agua que ingre sa al sistema y el consumo autorizado facturado (Lambert & Hirner,2000). Los componentes del agua no facturada son: consumo autorizado no facturado (nor malmente un componente menor del balance hídrico) y las pérdidas de agua (Farok, 2017). Las pérdidas de agua se dividen en dos grupos: pérdidas reales o técnicas y pér didas aparentes o comerciales, donde las primeras consisten en pérdidas físicas (fugas) y desbordes de los reservorios (Mutikanga et al., 2011). Por otra parte, las pérdidas comerciales son principalmente 3. RESULTADOS Y DISCUSIÓN el resultado de la baja precisión de la medición del volumen de agua que fluye y la no simultaneidad de las lecturas de los dispositivos que registran la cantidad de agua suministrada al sistema (medidor de agua principal) y consumida por los receptores (Gwoździej-Mazur, 2017). En este contexto, un metro cúbico perdido en una tubería es igual a la suma de los costos de producción y distribución; por el contrario, un metro cúbico

[FUENTE: 4.Plan de Reducción Perdidas.pdf | 4.Plan de Reducción Perdidas.pdf::chunk_0019]
del consumo anual para cada grupo de consumidores. Asi mismo, se debe identificar el volumen de agua utilizado por la empresa para propósitos operativos (purga de redes, lavado tanques, etc.). Consumo autorizado no facturado Consumo No facturado medido Consumos generados por Equipo Succión Presión : Es el volumen utilizado para limpieza de sumideros, manholes y el autolavado. Agua suministrada por cierres: Aguas de Barrancabe rmeja SA ESP no suministra agua en carro tanque por suspensión del servicio. Agua utilizada en las purgas en tuberías por mantenimiento programado: Caudal utilizado en purgas. Pérdidas operativas por intervención de la red: Caudal perdido por daños en la s redes (Tiempo contabilizado por daño). Consumo no facturado no medido Bomberos: El agua utilizado por los carros de bomberos tomados de los hidrantes. Parques, Canchas y Otros: Caudal no facturado en parques y zonas del Municipio. 4. Consumo Autorizado El consumo autorizado se puede calcular ahora sumando el consumo autorizado facturado (consumo facturado medido + consumo facturado no medido) más el consumo autorizado no facturado (consumo no facturado medido + consumo no facturado no medido).

[FUENTE: JaimeAndrés_MoncayoParra_2022.pdf | JaimeAndrés_MoncayoParra_2022.pdf::chunk_0022]
causas. 2.10. Fuga de agua Es una salida de agua no controlada en cualquiera de los componentes del sistema de distribución de agua potable; con mayor frecuencia ocurren en uniones de tuberías, codos, roturas de conductos y válvulas. En los sistemas de conducción de agua a presión es común 17 INFORME FINAL Código FDE 089 Versión 03 Fecha 2015-01- 22 que se presenten fugas de este líquido, Fuentes, Palma, & Rodríguez (2011) explian que “las fugas de agua potable en las redes de distribución producen desperdicio de agua, reducen la eficiencia de las redes y generan una pérdida económica a los organismos operadores del sistema de distribución de este tipo de líquido” (p. 3). 2.11. Clasificación de fugas de agua Las fugas de agua se pueden clasificar según el tipo de detección: Observables: Son aquellas que pueden ser detectadas por el agua que emerge a la superficie. No Observables: Son aquellas que debido a la poca presión que ejercen quedan subyugadas en el suelo. Según el daño producido en el material. Por fisura: son causadas principalmente debido al paso de

PREGUNTA:
¿Como se define el Indice de Agua No Contabilizada?

RESPUESTA: El índice de agua no contabilizada se define como la diferencia entre el agua que ingresa al sistema y el consumo autorizado facturado. Este concepto fue estandarizado por la Asociación Internacional del Agua (IWA) y se expresa como el volumen que permanece no facturado y, por lo tanto, no genera ningún ingreso para la empresa de agua. Además, se puede expresar como la suma de consumo autorizado no facturado y las pérdidas de agua.",0.0398671096345515,0.0,0.0398671096345515,0.032553407934893176,,,Reduccion Pérdidas Bucaramanga.pdf::chunk_0032 | Analisis_de_la_reduccion_de_perdidas_comerciales_e.pdf::chunk_0013 | 4.Plan de Reducción Perdidas.pdf::chunk_0019 | JaimeAndrés_MoncayoParra_2022.pdf::chunk_0022,Reduccion Pérdidas Bucaramanga.pdf | Analisis_de_la_reduccion_de_perdidas_comerciales_e.pdf | 4.Plan de Reducción Perdidas.pdf | JaimeAndrés_MoncayoParra_2022.pdf
7,QA,¿Como se mide el volumen de entrada al sistema?,"El volumen de ingreso al sistema debe determinarse con base en las mediciones anuales
desde los macromedidores después de la planta de tratamiento. ","El volumen de entrada al sistema se mide en metros cúbicos (m3) por día. Este parámetro es una medida de la cantidad de agua que ingresa al sistema de tratamiento de aguas residuales, y se calcula sumando las cantidades de agua que ingresan a través de los diferentes tipos de conexiones o puntos de entrada al sistema. Para calcular el volumen de entrada al sistema, se deben tener en cuenta los siguientes aspectos: 1. Conexiones autorizadas: Se debe contar con información detallada sobre todas las conexiones autorizadas al sistema de tratamiento de aguas residuales, incluyendo el número",0.21666666666666667,0.0,0.21666666666666667,0.17322834645669288,,,"Usa exclusivamente el contexto entregado.
Si la respuesta no está claramente soportada por el contexto, dilo explícitamente.
Tipo de tarea: QA

CONTEXTO:
[FUENTE: 4.Plan de Reducción Perdidas.pdf | 4.Plan de Reducción Perdidas.pdf::chunk_0017]
aparentes (comerciales).  Estimar las perdidas reales (técnicas). 1. Volumen de Entrada al Sistema. El volumen de ingreso al sistema debe determinarse con base en las mediciones anuales desde los macromedidores después de la planta de tratamiento. Se tiene que hacer una estimación apropiada de cantidades si no se miden los volúmenes de ingreso al sistema. Igualmente, es necesa rio identificar y cuantificar los volúmenes medidos a través de macromedidores empleados en casos de importaciones de agua. 2. Consumo Autorizado Facturado. Se deben identificar todos los suscriptores registrados (residenciales, comerciales, industriales, oficiales, etc.) para determinar el consumo autorizado facturado. Se puede determinar el consumo anual con base en el registro histórico de las lecturas de los medidores. Para los clientes facturados sin medidores de agua, es necesario hacer estimaciones apropiadas. Se recomienda determinar el consumo promedio con base en mediciones individuales de usuarios para una muestra representativa de suscriptores. Consumo autorizado facturado Consumo facturado medido Es el volumen de agua entregada a los usuarios c on medidor funcionando más lo suministrado en carro tanques y que se mide con el

[FUENTE: Analisis_de_la_reduccion_de_perdidas_comerciales_e.pdf | Analisis_de_la_reduccion_de_perdidas_comerciales_e.pdf::chunk_0038]
acueducto (ecua ción 1). Dónde: Volumen producido: Volumen de agua (m3) que la entidad introdujo al siste ma de distribución durante los últimos doce (12) meses, medida de la salida de los tanques de almacenamiento, menos desperdicios por mantenimiento. Volumen facturado: volumen de agua (m3) que la empresa facturó durante los últimos doce (12) meses. No obstante, el IANC fue reemplazado por el denominado Indicador de Pérdi das por Usuario Facturado - IPUF, para efectos del cálculo de tarifas según met odología vigente de acuerdo con lo es tipulado en la Resolución CRA 688 de 2014. El IPUF representa el volumen de pérdidas de agua por suscriptor, medido en metros cúbicos por suscriptor al mes (m3/suscriptor/mes) y se calcula medi ante la ecuación 2 (Ministerio de Vivienda, Ciudad y Territorio, 2014). Donde: Índice de pérdidas por suscriptor facturado en el año base (m3/suscriptor/mes). Consumo de agua facturada para el servicio público domi ciliario de acueducto en el año base (m3/año). Revista Agricolae & Habitat 25 Número de suscriptores factu rados promedio en el año base para el servicio público domiciliario

[FUENTE: Reduccion Pérdidas Bucaramanga.pdf | Reduccion Pérdidas Bucaramanga.pdf::chunk_0111]
comprende los resultados de los protocolos para la adecuada medición del volumen de entrada del sistema y para la instalación de medidores que permitan la cuantificación de los volúmenes autorizados no medidos, ya sean facturados o no facturados (ver Capitulo 1.6). En cuanto al IANC, la estimación del IANC se realizó para el año 2016. 1.12.1 Adecuada medición del volumen de entrada del distrito Morro Alto Partiendo de la aplicación de la metodología para la adecuada medición del volumen de entrada en sistemas de acueducto, se presentan los resultados para el distrito en estudio ( Morro Alto). 1.12.1.1 Verificación de la sectorización del distrito Morro alto El sistem a operacional del amb S.A. E.S.P. desarrolla con frecuencia la verificación del funcionamiento y estado de operación de los distritos hidráulicos y de los diferentes elementos del sistema de distribución. Para el año 201 6, el amb garantizó que no se realiz aron maniobras de apertura de la sectorización de larga duración en el distrito Morro Alto . Así, el estado operativo de la sectorización del distrito no present ó falencias o

[FUENTE: Reduccion Pérdidas Bucaramanga.pdf | Reduccion Pérdidas Bucaramanga.pdf::chunk_0082]
por el amb S.A E.S.P para la preservación de la hermeticidad de sus distritos hidráulicos y las mediciones de caudal de volumen de entrada al sistema que corresponden a los procedimientos que se explican en el Anexo 2-2 1.6.1 Estimación del IANC Se entiende como índice de agua no contabilizada (IANC) un indicador que refleja la eficiencia de la prestación de servicio en el sistema de acueducto. Dicho índice corresponde de al porcentaje del volumen de entrada al sistema que no es medido ni facturado para un determinado intervalo de tiempo (comúnmente un año) y se estimó mediante la siguiente expresión: REDUCCIÓN DE PÉRDIDAS EN SISTEMAS DE ACUEDUCTO 36 Ecuación 12 Calculado el IANC del distrito, se procede finalmente a decidir cualitativamente si las pérdidas del distrito ameritan reducirse o no. Si bien en esencia la decisión se toma de manera cualitativa, se debe tener en cuenta aspectos como los siguientes. 1. Tamaño del distrito 2. Valor del IANC del distrito respecto al mínimo reglamentario 3. Valor del IANC del distrito respecto al valor del IANC de toda el área

PREGUNTA:
¿Como se mide el volumen de entrada al sistema?

RESPUESTA: El volumen de entrada al sistema se mide con base en las mediciones anuales desde los macromedidores después de la planta de tratamiento. Además, se hace una estimación apropiada de cantidades si no se miden los volúmenes de ingreso al sistema. También se identifica y cuantifica los volúmenes medidos a través de macromedidores empleados en casos de importaciones de agua.",0.05145413870246085,0.0,0.05145413870246085,0.04878048780487806,,,4.Plan de Reducción Perdidas.pdf::chunk_0017 | Analisis_de_la_reduccion_de_perdidas_comerciales_e.pdf::chunk_0038 | Reduccion Pérdidas Bucaramanga.pdf::chunk_0111 | Reduccion Pérdidas Bucaramanga.pdf::chunk_0082,4.Plan de Reducción Perdidas.pdf | Analisis_de_la_reduccion_de_perdidas_comerciales_e.pdf | Reduccion Pérdidas Bucaramanga.pdf | Reduccion Pérdidas Bucaramanga.pdf
8,QA,¿Que es una fuga?,"Una fuga es una salida de agua no controlada en cualquiera de los componentes del sistema de distribución de agua potable; con mayor frecuencia ocurren en uniones de tuberías, codos, roturas de conductos y válvulas","Una fuga es la pérdida de agua en las redes de distribución. Las fugas pueden ser internas o externas, y se producen por daños en los tubos, conexiones, válvulas, etc. Las fugas son un problema grave para las empresas de acueducto, ya que representan pérdidas económicas y ambientales importantes. Además, las fugas pueden causar daños a la infraestructura y a los usuarios finales. Por lo tanto, es importante implementar medidas para prevenir y controlar las fugas en las redes de distribución.",0.20689655172413793,0.0,0.20689655172413793,0.18750000000000003,,,"Usa exclusivamente el contexto entregado.
Si la respuesta no está claramente soportada por el contexto, dilo explícitamente.
Tipo de tarea: QA

CONTEXTO:
[FUENTE: JaimeAndrés_MoncayoParra_2022.pdf | JaimeAndrés_MoncayoParra_2022.pdf::chunk_0076]
líquido en una tubería debido al movimiento (cierre/apertura) de una válvula, ocasionando una serie de ondas cinéticas que se transforman en ondas de compresión y viceversa, provocando que la masa líquida. Formas de bypasses y métodos convencionales para detectar Bypass Hay diferentes formas de colocar un bypass ilegal a la conexión propia legal y las formas de detectarlo dependen de cómo fue colocado, el trabajo de Cifuentes titulado “Manual práctico e ilustrado para la instalación de un “bypass” a una válvula existente”. Específicamente depende de: 1. Si el bypass se conecta al mismo circuito de agua interno del predio. En el primer caso, la detección del consumo ilegal es relativamente simple, porque saldría agua desde el predio aún si fue cortado previamente el servicio. Sin embargo en la práctica muy pocas veces se puede detectar un bypass con ese método, sea porque el bypass no está conectado a circuito interno, sea porque cuenta con una llave cerrada al momento de la inspección o porque el predio cuenta con una válvula de antirretorno. 2. Si en el momento de realizar la

[FUENTE: JaimeAndrés_MoncayoParra_2022.pdf | JaimeAndrés_MoncayoParra_2022.pdf::chunk_0022]
causas. 2.10. Fuga de agua Es una salida de agua no controlada en cualquiera de los componentes del sistema de distribución de agua potable; con mayor frecuencia ocurren en uniones de tuberías, codos, roturas de conductos y válvulas. En los sistemas de conducción de agua a presión es común 17 INFORME FINAL Código FDE 089 Versión 03 Fecha 2015-01- 22 que se presenten fugas de este líquido, Fuentes, Palma, & Rodríguez (2011) explian que “las fugas de agua potable en las redes de distribución producen desperdicio de agua, reducen la eficiencia de las redes y generan una pérdida económica a los organismos operadores del sistema de distribución de este tipo de líquido” (p. 3). 2.11. Clasificación de fugas de agua Las fugas de agua se pueden clasificar según el tipo de detección: Observables: Son aquellas que pueden ser detectadas por el agua que emerge a la superficie. No Observables: Son aquellas que debido a la poca presión que ejercen quedan subyugadas en el suelo. Según el daño producido en el material. Por fisura: son causadas principalmente debido al paso de

[FUENTE: 4.Plan de Reducción Perdidas.pdf | 4.Plan de Reducción Perdidas.pdf::chunk_0027]
con el objetivo de cumplir un propósito operacional y, por lo tanto, constituyen una pérdida intrínseca para su funcionamiento, que puede ser excluida del volumen de pérdidas totales del sistema. Los consumos operacionales más importantes ocurren en el lavado de filtros. Las causas que pueden estar generando pérdidas de agua pueden abarcar: En el sistema de captación, uniones en mal estado que ocasionan fugas, fugas por perforaciones en las conducciones, fugas en ventosas en mal estado, derivaciones fraudulentas, etc. En el sistema de tratamiento, errores en la macro-medición a la entrada y salida de las plantas, filtraciones por fisuras en las estructuras de concreto, filtraciones en las válvulas de lavado, filtraciones en accesorios de tuberías, reboses de tanques, etc. En el sistema de distribución, daños visibles y no visible s, Daños en válvulas de la red, Daños en conexiones domiciliarias, errores de exactitud en la macro y micro medición, conexiones con medidor detenido, conexiones clandestinas, c onsumos públicos no medidos (parques, bomberos), etc. Determinación del Balance Hídrico. Para la determinación del balance hídrico, se realizaron talleres con personal de la

[FUENTE: Reduccion Pérdidas Bucaramanga.pdf | Reduccion Pérdidas Bucaramanga.pdf::chunk_0036]
y los errores de medición, bien sea por defectos en los aparatos de medición o por errores en el manejo de la información de datos de lecturas. 3. Las pérdidas reales o técnicas, las cuales se dividen en fugas en las tuberías desde los tanques de almacenamiento hasta las redes menores del sistema, fugas y reboses en los tanques del almacenamiento, y fugas existentes desde los puntos de conexión (acometidas) h asta el medidor del suscriptor. El consumo autorizado no -facturado no -medido es el agua utilizada para los servicios de extinción de incendios, los sistemas de riego públicos, para la purga de tuberías, etc., pero que no se mide. A pesar de ser autorizado o aceptado, es importante registrar seguidamente es te volumen de agua, de lo contrario, este volumen se inclu ye como pérdida de agua. Es significativo la elaboración de acuerdos con los servicios locales de extinción de incendios y otros servicios que teng an acceso al agua no facturada autorizada para la realización de una buena estimación de su consumo, y de esta manera se pueden

PREGUNTA:
¿Que es una fuga?

RESPUESTA: Una fuga de agua es una salida de agua no controlada en cualquiera de los componentes del sistema de distribución de agua potable, como en uniones de tuberías, codos, roturas de conductos y válvulas. Estas fugas pueden ser observables, cuando se detectan por el agua que emerge a la superficie, o no observables, cuando debido a la poca presión que ejercen quedan subyugadas en el suelo. Además, las fugas de agua se pueden clasificar según el daño producido en el material, como por fisura, causadas principalmente debido al paso de vehículos sobre",0.07641921397379912,0.0,0.07641921397379912,0.07421875,,,JaimeAndrés_MoncayoParra_2022.pdf::chunk_0076 | JaimeAndrés_MoncayoParra_2022.pdf::chunk_0022 | 4.Plan de Reducción Perdidas.pdf::chunk_0027 | Reduccion Pérdidas Bucaramanga.pdf::chunk_0036,JaimeAndrés_MoncayoParra_2022.pdf | JaimeAndrés_MoncayoParra_2022.pdf | 4.Plan de Reducción Perdidas.pdf | Reduccion Pérdidas Bucaramanga.pdf
9,Resumen,Resume el concepto de agua no contabilizada,El agua no contabilizada es aquella que entra a un sistema de acueducto y no es facturada,"El concepto de agua no contabilizada se refiere a las pérdidas de agua en un sistema de abastecimiento, que pueden ser técnicas o comerciales. Las pérdidas técnicas son causadas por daños en las tuberías, fugas en los medidores y otros problemas de infraestructura, mientras que las pérdidas comerciales son causadas por errores en la lectura de medidores, fraude y consumo ilegal. Estas pérdidas de agua pueden tener un impacto significativo en los costos operativos de una empresa de servicios públicos y en la disponibilidad de agua para los usuarios. Por lo tanto, es importante implementar medidas",0.1639344262295082,,0.19469026548672563,0.1639344262295082,,,"Usa exclusivamente el contexto entregado.
Si la respuesta no está claramente soportada por el contexto, dilo explícitamente.
Tipo de tarea: Resumen

CONTEXTO:
[FUENTE: JaimeAndrés_MoncayoParra_2022.pdf | JaimeAndrés_MoncayoParra_2022.pdf::chunk_0022]
causas. 2.10. Fuga de agua Es una salida de agua no controlada en cualquiera de los componentes del sistema de distribución de agua potable; con mayor frecuencia ocurren en uniones de tuberías, codos, roturas de conductos y válvulas. En los sistemas de conducción de agua a presión es común 17 INFORME FINAL Código FDE 089 Versión 03 Fecha 2015-01- 22 que se presenten fugas de este líquido, Fuentes, Palma, & Rodríguez (2011) explian que “las fugas de agua potable en las redes de distribución producen desperdicio de agua, reducen la eficiencia de las redes y generan una pérdida económica a los organismos operadores del sistema de distribución de este tipo de líquido” (p. 3). 2.11. Clasificación de fugas de agua Las fugas de agua se pueden clasificar según el tipo de detección: Observables: Son aquellas que pueden ser detectadas por el agua que emerge a la superficie. No Observables: Son aquellas que debido a la poca presión que ejercen quedan subyugadas en el suelo. Según el daño producido en el material. Por fisura: son causadas principalmente debido al paso de

[FUENTE: Analisis_de_la_reduccion_de_perdidas_comerciales_e.pdf | Analisis_de_la_reduccion_de_perdidas_comerciales_e.pdf::chunk_0013]
ciación Internacional del Agua (IWA, por su sigla en inglés) el agua no facturada es la diferencia entre el agua que ingre sa al sistema y el consumo autorizado facturado (Lambert & Hirner,2000). Los componentes del agua no facturada son: consumo autorizado no facturado (nor malmente un componente menor del balance hídrico) y las pérdidas de agua (Farok, 2017). Las pérdidas de agua se dividen en dos grupos: pérdidas reales o técnicas y pér didas aparentes o comerciales, donde las primeras consisten en pérdidas físicas (fugas) y desbordes de los reservorios (Mutikanga et al., 2011). Por otra parte, las pérdidas comerciales son principalmente 3. RESULTADOS Y DISCUSIÓN el resultado de la baja precisión de la medición del volumen de agua que fluye y la no simultaneidad de las lecturas de los dispositivos que registran la cantidad de agua suministrada al sistema (medidor de agua principal) y consumida por los receptores (Gwoździej-Mazur, 2017). En este contexto, un metro cúbico perdido en una tubería es igual a la suma de los costos de producción y distribución; por el contrario, un metro cúbico

[FUENTE: Reduccion Pérdidas Bucaramanga.pdf | Reduccion Pérdidas Bucaramanga.pdf::chunk_0032]
siglas en inglés ), entidad que, entre otras cosas, estandariza conceptos y procesos en sistemas de abastecimiento de agua, define el agua no facturada (ANF ) como el volumen que permanece no fact urado y por lo tanto no genera ningún ingreso para la empresa de agua (Lambert & Hirner, 2000) . Se puede expresar como la diferencia de volumen de ingreso al sistema de almacenamiento y distribución, con el consumo autorizado facturado o como la suma de consumo autorizado no facturado y las pérdidas de agua. Con el fin de entender todos los elementos que contribuyen al agua no facturada, la IWA propone un modelo de balance hídrico como herramienta estratégica para la generación de estadísticas, categorización, cuantificación de los tipos de pérdidas de agua y obten ción de un panorama completo del costo que representa los niveles de agua no contabilizada. Este modelo de balance ligeramente modificado se muestra en la Tabla 1, el cual también ha sido adoptado por el ente regulador del sector en Colombia (CRA) , (Comisión de regulacion de agua y saneamiento basico, 2014).

[FUENTE: Analisis_de_la_reduccion_de_perdidas_comerciales_e.pdf | Analisis_de_la_reduccion_de_perdidas_comerciales_e.pdf::chunk_0020]
motivo, la reducción de la pérdida de agua es un aspecto importante de los proyectos de desarrollo. Tomado de “Quantifying the global non-revenue water problem,” por R. Liemberger y A. Wyatt, 2019, Water Supply, 19(3), p. 834 (https://doi.org/10.2166/ws.2018.129). 3.2 Pérdidas comerciales de agua. Contexto Internacional En el estudio realizado por Morote y Hernández-Hernández (2018) en la ciu dad de Alicante (España), se determinó que los fraudes más frecuentes son las conexiones ilegales y la manipulación de contadores y, en relación con la distribución, el 75% corresponde a usuarios do mésticos y el resto a usuarios comerciales e industriales. En el periodo de 2005 - 2017, la empresa Aguas Municipalizadas de Alicante (AMAEM) registró un total de 2207 fraudes para el sector domésti co, siendo los años 2013 y 2014 en los que más fraudes se registraron (con 377 y 378 fraudes, respectivamente). Acerca del cálculo de las perdidas co merciales de agua por la submedición, 18 Revista Agricolae & Habitat se utilizan varios métodos, entre estos el método empírico el cual es llevado a cabo en un laboratorio de prueba

PREGUNTA:
Resume el concepto de agua no contabilizada

RESPUESTA: El concepto de agua no contabilizada se refiere a la diferencia entre el agua que ingresa al sistema de almacenamiento y distribución y el consumo autorizado facturado. Este agua no contabilizada puede dividirse en dos grupos principales: pérdidas reales o técnicas y pérdidas aparentes o comerciales. Las pérdidas reales o técnicas incluyen fugas físicas y desbordamientos de los reservorios, mientras que las pérdidas aparentes o comerciales resultan principalmente de la baja precisión de la medición del volumen de agua que fluye y la no simultaneidad de las lecturas de los dispositivos que",0.023529411764705885,,0.03027027027027027,0.023529411764705885,,,JaimeAndrés_MoncayoParra_2022.pdf::chunk_0022 | Analisis_de_la_reduccion_de_perdidas_comerciales_e.pdf::chunk_0013 | Reduccion Pérdidas Bucaramanga.pdf::chunk_0032 | Analisis_de_la_reduccion_de_perdidas_comerciales_e.pdf::chunk_0020,JaimeAndrés_MoncayoParra_2022.pdf | Analisis_de_la_reduccion_de_perdidas_comerciales_e.pdf | Reduccion Pérdidas Bucaramanga.pdf | Analisis_de_la_reduccion_de_perdidas_comerciales_e.pdf
10,Resumen,"Resume el documento ""Plan de reduccion de pérdidas""",El documento contiene las definiciones necesarias para construir un plan de reduccion de perdidas basado en la metodologia de la IWA y realizando los analisis correspondientes al balance hidrico,"El Plan de Reducción de Pérdidas es una estrategia integral que busca minimizar las pérdidas de agua en sistemas de distribución mediante la implementación de medidas técnicas y comerciales. Este plan se divide en dos componentes principales: pérdidas técnicas y pérdidas comerciales. Las pérdidas técnicas se deben a fugas, roturas y errores en la medición, mientras que las pérdidas comerciales se deben a fraude, errores en la facturación y submedición. Para abordar estas pérdidas, el plan incluye la instalación de sensores para detectar fugas, la renovación de tuberías y la mej",0.12949640287769784,,0.21666666666666665,0.12949640287769784,,,"Usa exclusivamente el contexto entregado.
Si la respuesta no está claramente soportada por el contexto, dilo explícitamente.
Tipo de tarea: Resumen

CONTEXTO:
[FUENTE: 4.Plan de Reducción Perdidas.pdf | 4.Plan de Reducción Perdidas.pdf::chunk_0002]
PROGRAMAS Y/O ACCIONES PARA EL CONTROL DE LAS PERDIDAS 10. SEGUIMIENTO DEL PLAN SISTEMA INTEGRADO DE GESTION Código: GCO -PL- 001 Página: 3 de 36 Versión: 1 PLAN DE REDUCCIÓN DE PERDIDAS Vigente a partir de: 15-12-2017 INTRODUCCIÓN “El Plan de Reducción de Pérdidas es el conjunto de actividades programadas, por parte de las personas prestadoras del servicio público domiciliario de acueducto, para la reducción de las pérdidas técnicas y comerciales que tienen por objeto alcanzar el estándar de eficiencia”, según Resolución CRA No. 688 de 2014 “Por la cual se establece la metodología tarifaria para las personas prestadoras de los servicios públicos domiciliarios de acueducto y alcantarillado con más de 5.000 suscriptores.” El Índice de Agua No Contabilizada es un aspecto técnico y comercial que nos mide no solo la condición física del sistema sino también la administración de dichos recursos. Por ello se hace necesar io establecer un plan que defina actividades que contrarresten la incidencia que cada componente del sistema de acueducto, tiene en el cálculo global de pérdidas. Para poder emprender esta tarea, es necesario realizar

[FUENTE: Reduccion Pérdidas Bucaramanga.pdf | Reduccion Pérdidas Bucaramanga.pdf::chunk_0185]
de 1.16 al cabo de 5 años y un aporte de 10,26 % de reducción al IANC. 3) Se estimó que el proyecto total de reducción de pérdidas del distrito estudiado tiene un costo total de COP $ 1.134.530.001, un tiempo de retorno de la inversión de entre 2 y 3 años, una relación beneficio/costo de 2 ,70 al cabo de 5 años y un aporte a la reducción de IANC en 24,66%. Con lo anterior, se puede afirmar que ambos proyectos resultan muy atractivos y viables. El proyecto de reducción de pérdid as técnicas se presenta mucho más eficiente en la reduc ción del IANC y el proyecto de reducción de pérdidas comerciales presenta mayor Beneficio/Costo y tiempo de retorno de inversión menor. En el proyecto de reducción de pérdidas comerciales, cada punto p orcentual que se reduce el IANC tiene un costo de 61 ,6 millones, mientras que el mismo costo en el proyecto de reducción de pérdidas técnicas es de 9 ,9 millones. No obstante, ambos proyectos resultan económicamente viables, con períodos de retorno de inver sión

[FUENTE: Reduccion Pérdidas Bucaramanga.pdf | Reduccion Pérdidas Bucaramanga.pdf::chunk_0044]
mala práctica de no medir los consumos, bien sea facturados y no facturados. Una estrategia fundamental para el control y reducción de las pérdidas, y que además es requisito para la aplicación del presente modelo de reducción de pérdidas; es la sectoriz ación hidráulica. La sectorización hidráulica y la adecuada medición comprende el primer paso para el desarrollo de planes para la reducción de perdidas (Morrison, Tooms, & Hall, 2007) . El título B REDUCCIÓN DE PÉRDIDAS EN SISTEMAS DE ACUEDUCTO 14 de RAS define a l a sectorización hidráulica como la divisi ón del área total de una red de distribución, en zonas de estudio que permiten determinar diferencias en los factores de pérdidas de manera más detallada, y tomar acciones operativas. Es la división de una red de distribución en dos o más sectores hidráuli cos, en la que cada sector con puntos definidos de alimentación o entrada de agua, opera independientemente, garantizando la prestación óptima del servicio a los usuarios comprendidos dentro de cada sector. Los llamados sectores son denominados también Distritos. Si en cada una de

[FUENTE: 4.Plan de Reducción Perdidas.pdf | 4.Plan de Reducción Perdidas.pdf::chunk_0101]
a los h) RESUELVE PRIMERO. Aprobar el Plan de Reducción de pérdidas para las vigencias 2017 - 202i,por la Empresa Aguas de Barrancabermeja SA ESp. SEGUNDO. La presente Resolución, rige a partir de la fecha de su publicación y derogalas disposiciones que le sean contrarias. L-9:_!q: !!:"" dec¡aramos qu@

PREGUNTA:
Resume el documento ""Plan de reduccion de pérdidas""

RESPUESTA: El documento ""Plan de reducción de pérdidas"" presenta un plan para la reducción de pérdidas técnicas y comerciales en sistemas de acueducto. Este plan incluye programas y acciones para el control de las pérdidas, así como la implementación de proyectos específicos para la reducción de pérdidas técnicas y comerciales. Además, se menciona la importancia de la sectorización hidráulica y la adecuada medición para el control y reducción de las pérdidas. Finalmente, se resuelve aprobar el plan de reducción de pérdidas para las vigencias 2017-2021 y rige a partir de",0.03070175438596491,,0.04597701149425287,0.03070175438596491,,,4.Plan de Reducción Perdidas.pdf::chunk_0002 | Reduccion Pérdidas Bucaramanga.pdf::chunk_0185 | Reduccion Pérdidas Bucaramanga.pdf::chunk_0044 | 4.Plan de Reducción Perdidas.pdf::chunk_0101,4.Plan de Reducción Perdidas.pdf | Reduccion Pérdidas Bucaramanga.pdf | Reduccion Pérdidas Bucaramanga.pdf | 4.Plan de Reducción Perdidas.pdf
11,Extraccion,¿En que articulo fue introducido en Colombia la figura de los mercados regionales?,"artículo 126 de la Ley 1450 de 2011,","El artículo 103 de la Ley 142 de 1994 establece el marco legal para la creación de mercados regionales en Colombia. Este artículo establece que ""pueden establecerse mercados regionales para la prestación de servicios públicos domiciliarios de acueducto, alcantarillado y abastecimiento de agua potable"". Además, se establecen las condiciones para la creación y funcionamiento de estos mercados regionales, como la necesidad de contar con un plan de desarrollo regional y la participación de los prestadores de servicios públicos domiciliarios en la gestión de estos mercados.",0.0,0.0,0.10638297872340426,0.11538461538461539,,0.0,"Usa exclusivamente el contexto entregado.
Si la respuesta no está claramente soportada por el contexto, dilo explícitamente.
Tipo de tarea: Extraccion

CONTEXTO:
[FUENTE: Informe-Sectorial-de-los-Servicios-Publicos-Domiciliarios-de-Acueducto-y-Alcantarillado-Vigencia-2023.pdf | Informe-Sectorial-de-los-Servicios-Publicos-Domiciliarios-de-Acueducto-y-Alcantarillado-Vigencia-2023.pdf::chunk_0019]
prestación asociadas a cada uno de los prestadores de servicios públicos de acueducto y alcantarillado. 3.1.1. Mercados regionales La figura de los mercados regionales fue introducida en Colombia en el artículo 126 de la Ley 1450 de 2011, haciendo referencia a la unificación de costos y asignando a la Comisión de Regulación de Agua Potable y Saneamiento Básico (CRA) la definición del concepto de mercado regional y las condiciones para su declaración. Estos mercados fueron regulados por la Resolución CRA 821 de 2017, compilada en la Resolución CRA 943 de 2021, y actualmente están reglamentados en la Resolución CRA 963 de 2021. Cabe destacar que los mercados regionales analizados a continuación están cobijados por la regulación de la Resolución CRA 821 de 2017, ya que fueron conformados antes de la expedición de la Resolución CRA 963 de 2021. De acuerdo con la definición de la Resolución CRA 821 de 2017, un mercado regional de acueducto y alcantarillado corresponde al conjunto de Áreas de Prestación del Servicio (APS) que son atendidas por un mismo prestador de servicios públicos domiciliarios de acueducto

[FUENTE: Informe-Sectorial-de-los-Servicios-Publicos-Domiciliarios-de-Acueducto-y-Alcantarillado-Vigencia-2023.pdf | Informe-Sectorial-de-los-Servicios-Publicos-Domiciliarios-de-Acueducto-y-Alcantarillado-Vigencia-2023.pdf::chunk_0023]
y declarados cuatro (4) mercados regionales, según se describen a continuación en la Tabla 1. Tabla 1. Mercados regionales declarados Empresa Prestadora Sigla Acto Administrativo que declara el mercado regional Número de APS que lo conforman. Sociedad de Acueducto, Alcantarillado y Aseo de Barranquilla s.a. E.S.P- TRIPLE A DE BQ SA ESP Resolución CRA 701 de 2014. 19 Sociedad de acueductos y alcantarillados del valle del cauca s.a. E.S.P. ACUAVALLE S.A. E.S.P Resolución CRA 935 de 2020, Corregida por Resolución CRA 937 y modificada por la Resolución CRA 951 de 2021. 33 Empresas Públicas de Medellín E.S.P EE.PP.M. E.S.P. Resolución CRA 943 de 2020 10 Empresa de Obras Sanitarias de Caldas s. A. Empresa de servicios Públicos EMPOCALDA S S.A E.S.P. Resolución CRA 957 de 2021 19 Fuente: CRA 2023 La gestión y despeño de los mercados regionales se encuentra descrito en el numeral 6.2. de este informe sectorial, conforme el desempeño del Indicador Único Sectorial estimado para estos prestadores. Informe Sectorial de los Servicios Públicos de Acueducto y Alcantarillado Vigencia 2023 19 3.1.2. Ordenamiento territorial alrededor del agua El

[FUENTE: Informe-Sectorial-de-los-Servicios-Publicos-Domiciliarios-de-Acueducto-y-Alcantarillado-Vigencia-2023.pdf | Informe-Sectorial-de-los-Servicios-Publicos-Domiciliarios-de-Acueducto-y-Alcantarillado-Vigencia-2023.pdf::chunk_0025]
el corto y mediano plazo se proyecta armonizar mediante la interacción sociopolítica, las relaciones entre los recursos naturales, la prestación de servicios públicos, y el uso de los mismos, de manera que se asegure en el sector la consecución de los objetivos persistentes de manera sostenible. Vale la pena reseñar en materia de gobernanza en servicios públicos, que el Estado colombiano avanza en el reconocimiento de esquemas diferenciales de prestación de los servicios de acueducto, alcantarillado y aseo, y derivado de ello la política emergente que reconoce particularidades de orden técnico económico y sociocultural. También se discute detenidamente en la actualidad, el reconocimiento formal de la prestación comunitaria del abastecimiento de agua y saneamiento, y las consideraciones e implicaciones para su gobernanza. Señalado lo anterior, los siguientes capítulos presentan un abordaje técnico que permite valorar el estado actual de la prestación de los servicios de acueducto y alcantarillado en el país, como insumo para la evaluación de las necesidades imperantes en materia de calidad y eficiencia, y también establecen un marco situacional para considerar estrategias de gobernanza orientadas a ordenar

[FUENTE: Informe-Sectorial-de-los-Servicios-Publicos-Domiciliarios-de-Acueducto-y-Alcantarillado-Vigencia-2023.pdf | Informe-Sectorial-de-los-Servicios-Publicos-Domiciliarios-de-Acueducto-y-Alcantarillado-Vigencia-2023.pdf::chunk_0108]
Mercado regional Acuavalle Fuente: Reporte IUS 2023 Informe Sectorial de los Servicios Públicos de Acueducto y Alcantarillado Vigencia 2023 84 6.2.4. Mercado Regional EE.PP.M. E.S.P. El prestador EE.PP.M. E.S.P. presta el servicio de acueducto en 12 de los 125 municipios del departamento de Antioquia. De estos, 10 municipios pertenecen al mercado regional de acueducto y alcantarillado de EE.PP.M. E.S.P., mientras que los otros dos municipios (Bucaramanga y San José del Guaviare) son prestados por empresas privadas. En cuanto al mercado regional de alcantarillado, EE.PP.M. E.S.P. presta el servicio en 10 de los 125 municipios del departamento de Antioquia, siendo estos todos parte del mercado regional de alcantarillado de EE.PP.M. E.S.P. Por otro lado, en el mercado regional de acueducto y alcantarillado",0.0,0.0,0.02250351617440225,0.019522776572668113,,0.0,Informe-Sectorial-de-los-Servicios-Publicos-Domiciliarios-de-Acueducto-y-Alcantarillado-Vigencia-2023.pdf::chunk_0019 | Informe-Sectorial-de-los-Servicios-Publicos-Domiciliarios-de-Acueducto-y-Alcantarillado-Vigencia-2023.pdf::chunk_0023 | Informe-Sectorial-de-los-Servicios-Publicos-Domiciliarios-de-Acueducto-y-Alcantarillado-Vigencia-2023.pdf::chunk_0025 | Informe-Sectorial-de-los-Servicios-Publicos-Domiciliarios-de-Acueducto-y-Alcantarillado-Vigencia-2023.pdf::chunk_0108,Informe-Sectorial-de-los-Servicios-Publicos-Domiciliarios-de-Acueducto-y-Alcantarillado-Vigencia-2023.pdf | Informe-Sectorial-de-los-Servicios-Publicos-Domiciliarios-de-Acueducto-y-Alcantarillado-Vigencia-2023.pdf | Informe-Sectorial-de-los-Servicios-Publicos-Domiciliarios-de-Acueducto-y-Alcantarillado-Vigencia-2023.pdf | Informe-Sectorial-de-los-Servicios-Publicos-Domiciliarios-de-Acueducto-y-Alcantarillado-Vigencia-2023.pdf
12,Extraccion,¿Cuantos son los m3 que en promedio entran a un sistema del primer grupo?,500 mil m3 al año,"Para el primer grupo, se tiene una mediana de 1.200.000 m3, con un rango intercuartil de 450.000 m3. La mediana es el valor que separa la mitad superior de la mitad inferior de los datos ordenados. En este caso, indica que la mitad de los sistemas del primer grupo tienen menos de 1.200.000 m3 de entrada anual. El rango intercuartil (IQR) es la diferencia entre el tercer cuartil (Q3) y el primer cuartil (Q1), y representa la",0.0,0.0,0.024096385542168672,0.022727272727272724,,0.0,"Usa exclusivamente el contexto entregado.
Si la respuesta no está claramente soportada por el contexto, dilo explícitamente.
Tipo de tarea: Extraccion

CONTEXTO:
[FUENTE: Estudio_De_Referencia_De_Las_Perdidas_De.pdf | Estudio_De_Referencia_De_Las_Perdidas_De.pdf::chunk_0012]
de 27.5 m. Para los sistemas del segundo grupo, la presión vario entre 19 y 43 m, con valor promedio de 26.5 m. Aquí solo el 40% reporto valores, aunque por norma están obligados a obtener lecturas hasta en 12 puntos de l sistema, 4 veces al mes. Para el último grupo, la presión varia entre 40 y 23 m, con un valor promedio de 31.4 m. Los volúmenes de agua en promedio que entran al sistema son: para el primer grupo, 500 mil m3/año; para el segundo grupo 2 millones m3/año, y para el tercer grupo 11.5 millones m3/año, exceptuando la mayor empresa de la región que inye cta a su sistema 224 millones de m3/año. Los volúmenes promedio de consumo autorizado son 350 mil m3/año; 1.4 millones m3/año y 5.5 millones m3/año, para el grupo 1, 2 y 3 respectivamente. La mayor empresa registra 134 millones m3/año. Las pérdidas totales en promedio alcanzan 154 mil m3/año, para el primer grupo; 730 mil m3/año, para el segundo; y 6 millones para el tercer grup o. El volumen de pérdidas

[FUENTE: Estudio_De_Referencia_De_Las_Perdidas_De.pdf | Estudio_De_Referencia_De_Las_Perdidas_De.pdf::chunk_0014]
m3/conexión/año, cercano al repo rtado por Alegre et al. (2004), de 130 m3/conexión/año, para algunos sistemas europeos dentro del proyecto CARE-W. Sin embargo, se encuentran valores por encima de 250 para los sistemas 34 y 39 que son excesivos. Las pérdidas aparentes, expresadas por conex ión de servicio, varían entre 11.6 y 106.7 m3/conexión/año, con valor promedio para toda la muestra de 52.6 m3/conexión/año o 144.2 litros/conexión/día. El sistema 34 presen ta las mayores pérdidas aparentes de 292 litros/conexión/día. El promedio de las pérdidas reales es de 259.8 litros/conexión/día. Este valor se compara con el promedio de la base de datos internacional de 276 litros/conexión/día. Sin embargo, cuando estas pérdidas se expresan en litros po r Km. de tubería por día, se obtiene un promedio de 32.91 m3/km/día, lejano a los 12.55 m3/km/día de la base de datos internacional. Finalmente, y debido a las restricciones que se tienen para el cálculo de las pérdidas reales anuales inevitables (UARL, por sus siglas en inglés), sólo se obtuvieron valores del Indice de Fugas Estructurales (ILI, por sus siglas en inglés), para 9

[FUENTE: Analisis_de_la_reduccion_de_perdidas_comerciales_e.pdf | Analisis_de_la_reduccion_de_perdidas_comerciales_e.pdf::chunk_0035]
el volumen total registrado en particular es de 1.814 kL por metro por mes, lo que se traduce en un 2.81% del volumen total de entrada del sistema del municipio. Es por esto que los municipios y las empresas deben calcular el periodo óptimo de reemplazo por la antigüedad de los medidores de agua. Fourie et al., 2020 Gauteng, Sudáfrica Inexactitud en la medición Se encontró una relación débil entre la edad y la precisión de un medidor residencial tipo volumétrico (Clase C) y de velocidad (Clase B). Este resultado indica que la antigüedad de los medidores de Clase C y B no debe usarse como un factor para el reemplazo del medidor. En cambio, se estableció una fuerte relación entre el volumen acumulado y la precisión del medidor para medidores de velocidad. Este resultado confirma que, en medidores residenciales de velocidad (Clase B), el volumen acumulado es un indicador de precisión más confiable que la edad. Estos hallazgos ayudarán a los gerentes de las empresas de servicios de acueducto a predecir la precisión de los medidores e incluir estrategias

[FUENTE: 4.Plan de Reducción Perdidas.pdf | 4.Plan de Reducción Perdidas.pdf::chunk_0077]
medidores con menos de 3000 m3 - (-4% Medidor Tipo Velocidad - 15% Medidor Volumetrico) 587,064 Fugas internas no medidas - USUARIOS QUE TIENEN FUGAS HASTA DE 1000 M3 AL MES - 8.641 M3 AL MES DE AGOSTO 103,692 Fugas en tuberías de conducción. 18,584 Fugas en tuberías de distribución. 85,662 Fugas en acometidas 20,305 PERDIDAS POR EXPLICAR : 0 BALANCE HIDRICO 2016 (M3) VOLUMEN DE ENTRADA AL SISTEMA 21,377,938 Consumo autorizado Consumo autorizado facturado Agua Facturada 12,829,882 Consumo autorizado no facturado Consumo Medido No facturado Agua No Facturada Pérdidas de agua Pérdidas aparentes (comerciales) - Pérdidas no técnicas - (Estiman 5%) Consumo ilegal o no autorizado 7,536,391 Inexactitud de medición y errores en el manejo de datos de lectura de medidores ( Errores de medición según la edad del medidor inexactitud de medición: De los medidores que existen, mirar cuáles de ellos presentan lecturas altas o bajas, y si se encuentran en buen estado de funcionamiento. Revisar los registros de lecturas de medidores y verificar si hay algún patrón de lecturas altas o bajas. Si se encuentra algún medidor con lecturas altas o bajas, se debe revisar si el medidor está en buen estado de funcionamiento y si hay algún problema con el medidor. Si se encuentra algún medidor con lecturas altas o bajas, se debe revisar si el medidor está en buen estado de funcionamiento y si hay algún problema con el medidor. Si se encuentra algún medidor con lecturas altas o b",0.0,0.0,0.010989010989010988,0.011730205278592374,,0.0,Estudio_De_Referencia_De_Las_Perdidas_De.pdf::chunk_0012 | Estudio_De_Referencia_De_Las_Perdidas_De.pdf::chunk_0014 | Analisis_de_la_reduccion_de_perdidas_comerciales_e.pdf::chunk_0035 | 4.Plan de Reducción Perdidas.pdf::chunk_0077,Estudio_De_Referencia_De_Las_Perdidas_De.pdf | Estudio_De_Referencia_De_Las_Perdidas_De.pdf | Analisis_de_la_reduccion_de_perdidas_comerciales_e.pdf | 4.Plan de Reducción Perdidas.pdf
